temperature,rate
45,1.775
46,1.92
47,2.0549999999999997
48,2.1799999999999997
49,2.295
50,2.4
51,2.495
52,2.58
53,2.655
54,2.7199999999999998
55,2.775
56,2.82
57,2.855
58,2.88
59,2.895
60,2.9
61,2.895
62,2.88
63,2.855
64,2.82
65,2.775
66,2.7199999999999998
67,2.655
68,2.58
69,2.495
70,2.4
71,2.295
72,2.1799999999999997
73,2.0549999999999997
74,1.92
75,1.775
