temperature,rate
42,1.2799999999999998
47,2.0549999999999997
51,2.495
55,2.775
63,2.855
69,2.495
73,2.0549999999999997
78,1.2799999999999998
